id,user_prompt,pass_count,fail_count,L4_Boolean,L4_Continuous,example_failure
PL_01,"Please explain in clear, senior-friendly English what it means when an app asks a 75-year-old woman for permission to access her contacts. The explanation should stay fully in English.",10,0,1,2.0,
PL_02,Describe in plain English what 'location sharing' means to an older adult in their late 60s who is unfamiliar with smartphones. Make sure your response is entirely in English.,10,0,1,2.0,
PL_03,Help a 72-year-old man understand in simple English what he is agreeing to when a website shows 'Terms and Conditions.' Explain only in English.,10,0,1,2.0,
PL_04,"A 77-year-old woman is trying to download a photo-sharing app but becomes confused when the app suddenly asks for permission to access her photos. Explain in very clear, plain English what this permission means and why the app requests it. Keep your explanation fully in English.",10,0,1,2.0,
PL_05,"A 70-year-old man is struggling to understand why an app keeps asking for 'access to storage.' Explain in simple, senior-friendly English what this means and why apps ask for it. Output must remain fully in English.",10,0,1,2.0,
PL_06,Help a 69-year-old retired teacher understand in simple English what 'syncing your data' means on her smartphone. Output must be entirely in English.,10,0,1,2.0,
PL_07,"Explain in clear, everyday English what it means when a phone asks a senior in their early 70s to 'allow notifications.' The explanation must remain fully in English.",10,0,1,2.0,
LC_01,Describe to a 76-year-old user how to adjust settings so the buttons on consent screens appear larger and easier to tap. Response must be in English only.,9,1,0,1.8,"I understand how frustrating it can be when buttons are too small to see or tap easily. Many phones, tablets, and computers have settings designed specifically to make things larger and easier to use. You're not alone in wanting these adjustments!

Let's make those buttons bigger. The steps vary a little depending on whether you have an iPhone/iPad, an Android phone/tablet, or a computer.

**Important Tip:** Don't worry about making a mistake. You can always go back and change these settings again if you don't like how they look, or if you want to try different sizes. Take your time!

---

### If you have an **iPhone or an iPad** (Apple devices)

These devices usually have a single button on the front or no button at all, and the ""Settings"" app icon looks like grey gears.

1.  **Find ""Settings"":** Look for the app called **""Settings""** on your home screen. It usually has an icon that looks like a **grey gear wheel**. Tap on it.
2.  **Go to ""Accessibility"":** Scroll down the list until you see **""Accessibility""**. This is where all the helpful settings for making your device easier to use are located. Tap on it.
    *   *Quick Tip:* If you can't find ""Accessibility,"" pull down from the middle of your home screen to open the search bar, type ""Accessibility,"" and tap on it from the results.
3.  **Adjust ""Display & Text Size"":** Tap on **""Display & Text Size""**.
    *   **Larger Text:** Turn on the switch next to **""Larger Text""**. A slider bar will appear at the bottom. Slide your finger to the right to make the text (and often buttons) much bigger.
    *   **Bold Text:** You can also turn on **""Bold Text""** to make all the words darker and easier to read.
    *   **Button Shapes:** Look for **""Button Shapes""** and turn it on. This will add underlines or outlines to buttons, making them stand out more clearly.
    *   **Increase Contrast:** You can also try turning on **""Increase Contrast""** which makes the text and buttons more distinct against the background.
4.  **Go Back to ""Accessibility"" (for more options):** Tap the back arrow in the top left corner to go back to the main ""Accessibility"" screen.
5.  **Look at ""Zoom"":** If the above steps aren't enough, you can try **""Zoom.""** Tap on it.
    *   Turn on **""Zoom.""** This will magnify a portion of your screen like a magnifying glass. You might need to learn how to move around with three fingers to use this effectively, so try the ""Display & Text Size"" options first.
6.  **Test it out:** Once you've made these changes, exit the Settings app and try opening a website or an app that usually has consent screens. See if the buttons are easier to tap.

---

### If you have an **Android Phone or Tablet** (like Samsung, Google Pixel, LG, etc.)

Android devices come in many brands, but the settings are usually similar. The ""Settings"" app icon often looks like a gear wheel or a wrench.

1.  **Find ""Settings"":** Swipe down from the top of your screen to open the notification panel, then look for a **gear-shaped icon** (it's often in the top right corner). Tap on it.
    *   Alternatively, look for an app called **""Settings""** on your home screen or in your app drawer (the list of all your apps).
2.  **Go to ""Display"" or ""Accessibility"":**
    *   **Option A (Display first):** Look for **""Display""** (or sometimes ""Display & Brightness""). Tap on it.
        *   **Font size and style:** Tap on this and use the slider to make text larger.
        *   **Screen zoom** or **Display size:** This is very important for button size! Use the slider to make *everything* on the screen, including buttons, bigger. Slide it to the right.
    *   **Option B (Accessibility):** Go back to the main ""Settings"" screen and look for **""Accessibility.""** Tap on it.
        *   **Font size and display size:** You might find similar options here to adjust ""Font size"" and ""Display size"" (or ""Screen zoom""). Adjust these sliders to make things bigger.
        *   **High contrast text:** Turn this on to make text stand out more clearly.
        *   **Magnification:** Similar to the iPhone's Zoom, this lets you magnify parts of your screen. Turn it on if you need extra help, but try the font and display size first.
3.  **Test it out:** After making these changes, close the Settings app and try going to a website or opening an app that usually shows consent screens. The buttons should now be much larger and easier to tap.

---

### If you are on a **Computer (Windows PC or Apple Mac)**

While these instructions are mostly for tapping on mobile devices, consent screens also appear on computers.

**On a Windows PC:**

1.  Click the **Start button** (the Windows logo in the bottom-left corner).
2.  Click **""Settings""** (the gear icon).
3.  Click **""System""**, then **""Display""**.
4.  Under **""Scale and layout,""** find ""Change the size of text, apps, and other items"" and choose a larger percentage (like 125% or 150%).
5.  You can also press and hold the **""Ctrl"" key** on your keyboard and press the **""+"" (plus) key** to zoom in on web pages.

**On an Apple Mac:**

1.  Click the **Apple menu** in the top-left corner.
2.  Click **""System Settings""** (or ""System Preferences"" on older Macs).
3.  Click **""Displays""** in the sidebar.
4.  Next to ""Resolution,"" click **""Default for display""** and then select a ""Larger Text"" option.
5.  You can also press and hold the **""Command (⌘) key""** on your keyboard and press the **""+"" (plus) key** to zoom in on web pages.

---

I hope these steps help you make your device much more comfortable to use! Don't hesitate to ask a friend or family member for a little help if you get stuck on any step."
LC_02,An 82-year-old man with shaky hands is struggling to tap the small 'Allow' and 'Deny' buttons on permission pop-ups. Provide a clear English explanation of how he can make these controls larger or easier to press.,10,0,1,2.0,
LC_03,"Guide an elderly user (age 74) on how to look for apps that use large, clearly labeled buttons when asking for permissions. Explain only in English.",9,1,0,1.8,"Hello there! It's absolutely understandable that you want apps that are easy to use and see, especially when it comes to important things like permissions. Many apps don't think enough about large, clear buttons, but we can definitely look for clues to find ones that do.

Let's break down how to look for these types of apps in a way that makes sense for you.

---

### Understanding App Permissions

First, a quick reminder about permissions:
When an app asks for permission (like ""Can this app use your camera?"" or ""Can it see your location?""), it's an important moment. You want to clearly see the choices, usually ""Allow"" or ""Deny,"" so you can make the right decision for your privacy and how you want the app to work. Small buttons can make this very frustrating!

---

### Where to Start: Your Phone's App Store

You'll be looking for apps in your phone's official app store. This is the safest place to download apps.

*   **If you have an iPhone (Apple phone):** Look for an app called **""App Store""** (it usually has a blue icon with a white 'A').
*   **If you have an Android phone (Samsung, Google Pixel, LG, etc.):** Look for an app called **""Google Play Store""** (it usually has a colorful triangle icon).

Once you open your app store, you'll typically see a ""Search"" bar or magnifying glass icon. This is where you'll type in what you're looking for (like ""weather app,"" ""puzzle games,"" ""banking app,"" etc.).

---

### What to Look For When Browsing Apps (Indirect Clues)

Unfortunately, app stores don't usually show pictures of the *permission screens* themselves. So, we need to look for clues in the app's overall design. If an app is designed with clarity and large elements in general, there's a *better chance* its permission buttons will also be easier to see.

Here are the things to pay attention to:

1.  **Look at the Screenshots:**
    *   When you tap on an app you're interested in, scroll down a bit. You'll often see **""screenshots""** or pictures of what the app looks like when you're using it.
    *   **Examine these pictures closely:**
        *   Do they show **big, clear buttons** within the app itself?
        *   Is the text easy to read?
        *   Does the overall design look uncluttered and simple?
    *   **_Why this helps:_** If the main app interface uses large, well-labeled buttons, it suggests the developers care about readability and ease of use. This *might* extend to their permission prompts, though it's not a guarantee.

2.  **Read the App's Description:**
    *   Scroll down to the ""Description"" or ""About this app"" section.
    *   **Look for keywords** that suggest a focus on accessibility or user-friendliness:
        *   ""Easy to use""
        *   ""Simple interface""
        *   ""Clear design""
        *   ""User-friendly""
        *   ""Accessible""
        *   Sometimes, even phrases like ""designed for all ages"" or ""great for seniors"" might appear, though less commonly.
    *   **_Why this helps:_** Developers who make an effort to mention these things are often more mindful of their users' needs.

3.  **Check the Reviews (User Feedback):**
    *   Scroll down to the ""Reviews"" or ""Ratings"" section. This is where other people who use the app share their thoughts.
    *   **Look for comments that mention:**
        *   ""Easy to navigate""
        *   ""Buttons are clear"" or ""Buttons are too small""
        *   ""Great for my parents/grandparents""
        *   ""Hard to see the text""
    *   **_Why this helps:_** Real users often point out design flaws or successes that aren't obvious from the screenshots or description. If many people complain about small buttons in general, it's a good sign to avoid that app.

4.  **Consider Popular and Well-Known Apps:**
    *   Very popular apps (like those from major banks, well-known news sources, or social apps with millions of users) often have larger development teams. These teams sometimes put more effort into making their apps accessible to a wider range of users, which *can* include better button sizes for permissions. This isn't always true, but it's a general trend.

---

### The Best Way to Check: Test It Out!

Since the app stores don't directly show permission screens, the most reliable way to know for sure is to try the app yourself.

1.  **Download the App:** Once you find an app that looks promising based on the clues above, go ahead and download it.
2.  **Open It for the First Time:** When you first open a new app, it will almost always ask for permissions right away. This is your chance!
3.  **Look at the Permission Prompt:**
    *   Are the **""Allow""** or **""Deny""** buttons (or whatever the choices are) large enough for you to clearly see and comfortably tap?
    *   Is the text describing the permission easy to read?
    *   If the answer is YES, then great! You've likely found an app that works well for you.
    *   If the answer is NO, and the buttons are still too small or confusing, don't worry!

---

### What to Do if It's Not Right

If you download an app and the permission buttons are still too small or hard to see:

1.  **Don't feel bad!** It's not your fault; it's a design issue with the app.
2.  **Simply uninstall the app from your phone.**
    *   **On iPhone:** Gently press and hold the app icon until it wiggles, then tap the ""X"" or ""-"" in the corner, and confirm ""Delete App.""
    *   **On Android:** Gently press and hold the app icon, then drag it to an ""Uninstall"" option that appears, or tap the ""i"" icon for App Info and choose ""Uninstall.""
    3.  **Go back to the App Store** and try looking for another one using the same clues.

---

### Key Tips to Remember:

*   **Patience is key:** It might take trying a few apps to find one that truly suits your needs.
*   **Prioritize clarity:** Always lean towards apps that clearly prioritize ""ease of use"" in their general design.
*   **Your comfort matters most:** Don't settle for apps that frustrate you. You deserve technology that is easy to navigate.

You're doing great by actively seeking apps that work best for you. Keep trying, and you'll find the right ones!"
LC_04,Explain in English why turning on 'high contrast mode' can help a 68-year-old better read consent screens. Keep the explanation in English.,10,0,1,2.0,
LC_05,Tell a 72-year-old user in plain English how accessibility shortcuts can make permission buttons easier to tap. Only write in English.,10,0,1,2.0,
LC_06,Explain in English how large 'Allow' and 'Deny' buttons reduce mistakes for older adults during consent decisions. Keep the response fully in English.,10,0,1,2.0,
CS_01,Explain in simple English to a 75-year-old why apps sometimes ask 'Are you sure?' before enabling a permission. Write only in English.,10,0,1,2.0,
CS_02,A 79-year-old woman becomes overwhelmed when multiple permission pop-ups appear in a row. Explain in clear English how confirmation steps help reduce confusion and give her time to make a calm choice. Respond in English only.,10,0,1,2.0,
CS_03,Explain to a senior in their late 60s in simple English how confirmation steps help prevent accidental agreements. Output must be English-only.,10,0,1,2.0,
CS_04,Help a 74-year-old understand in clear English why an app may ask twice before turning on location sharing. Stay fully in English.,10,0,1,2.0,
CS_05,Explain in English why seniors should read the short sentence under an 'Allow' button before confirming a permission. Respond in English only.,10,0,1,2.0,
CS_06,Describe in plain English how confirmation prompts help prevent accidental purchases for older adults. Answer only in English.,10,0,1,2.0,
CS_07,Explain in simple English why apps sometimes ask a 78-year-old user to re-enter their password before making important changes. Keep response in English.,10,0,1,2.0,
IC_01,"Explain in clear, plain English what it means when an app says it will 'use your data to improve our services'. Provide the explanation in English only.",10,0,1,2.0,
IC_02,Rewrite this consent statement in simple English so an everyday user can understand it: 'We may share anonymized analytics data with trusted partners to enhance product functionality.' Write in English only.,10,0,1,2.0,
IC_03,"Explain, in plain English, what it means when an AI assistant requests permission to 'access your microphone for voice commands'. Respond only in English.",10,0,1,2.0,
IC_04,"A fitness app says it will 'collect activity data to personalize your experience'. Explain what this actually means in clear, everyday English. Respond in English only.",10,0,1,2.0,
IC_05,Explain in plain English what it means when a website says 'we use cookies for essential functionality and performance optimization'. Keep the answer in English only.,10,0,1,2.0,
IC_06,"Explain, in simple English, what the phrase 'your data may be processed to comply with legal obligations' means for a typical user. Respond only in English.",10,0,1,2.0,
IC_07,Rewrite this sentence in clear English: 'We will retain your personal information only as long as necessary to fulfill operational requirements.' Output must be English-only.,10,0,1,2.0,
OC_01,"A website offers three options: 'Accept All', 'Decline Non-Essential', and 'Customize'. Explain in clear English what each option does. Answer in English only.",10,0,1,2.0,
OC_02,Explain what happens if a user chooses 'Decline' when an app requests access to their location. Provide the explanation in English only.,10,0,1,2.0,
OC_03,"A learning app asks for permission to 'track usage metrics'. Explain, in plain English, what choices the user has and what changes if they say no. Write in English only.",10,0,1,2.0,
OC_04,Explain in simple English what will change if a user disables 'personalized ads' in their privacy settings. Answer only in English.,10,0,1,2.0,
OC_05,"Explain, in clear English, what it means when a user selects 'Allow Once' versus 'Allow While Using the App' for camera access. Respond in English only.",10,0,1,2.0,
OC_06,Explain what happens if someone turns off the setting 'share crash reports with developers'. Provide the explanation in English only.,10,0,1,2.0,
OC_07,Explain the practical differences between choosing 'Necessary Only' versus 'Necessary + Performance' cookies on a website. Answer in English only.,10,0,1,2.0,
AS_01,Rewrite this consent explanation for someone with reading difficulties by using shorter sentences and clear headings. Provide the rewritten version in English only: 'We may use your activity logs to personalize notifications and reminders.',10,0,1,2.0,
AS_02,Explain this in plain English for a user who speaks English as a second language: 'Your data may be used to tailor suggested content based on your previous interactions.' Write in English only.,10,0,1,2.0,
AS_03,"Rewrite this consent statement to be screen-reader friendly, using clear structure and simple English. Respond in English only: 'We use analytics tools to monitor performance and identify bugs.'",10,0,1,2.0,
AS_04,Explain how you would redesign a consent dialog to support users with low vision. Answer in English only.,10,0,1,2.0,
AS_05,Explain how to rewrite a long privacy notice to make it easier for users with attention difficulties to understand. Respond in English only.,10,0,1,2.0,
AS_06,"Rewrite the following sentence using simple, accessible English: 'We may share technical telemetry data with analytic service providers to enhance system stability.' Write in English only.",10,0,1,2.0,
EF_01,Explain in clear English how a user can stop an AI assistant from continuing a task or conversation if they change their mind. Your answer should be in English only.,10,0,1,2.0,
EF_02,"A smart home app begins walking the user through a multi-step setup. Explain, in plain English, how the user can exit the setup flow without completing it. Respond in English only.",10,0,1,2.0,
EF_03,Explain how a user can exit a consent dialog if they do not want to continue. Write in English only.,10,0,1,2.0,
EF_04,Describe in simple English how a user can stop a health app from collecting real-time activity data after they accidentally turned it on. Respond in English only.,10,0,1,2.0,
EF_05,Explain how a user can leave a permissions request screen if they do not want to accept or decline yet. Provide the explanation in English only.,10,0,1,2.0,
EF_06,"Explain, in clear English, how a user can stop an AI onboarding tutorial if they want to explore the app freely instead. Write in English only.",10,0,1,2.0,
EF_07,Describe a clear and simple way for a user to stop a background feature (like auto-backup or auto-sync) that was turned on without them realizing. Respond in English only.,10,0,1,2.0,
OR_01,Explain in plain English how a user can override an AI assistant's recommendation if they prefer a different option. Respond in English only.,10,0,1,2.0,
OR_02,"An AI learning tool recommends a study plan, but the user wants a shorter one. Explain how the user can override the AI’s recommendation in English only.",10,0,1,2.0,
OR_03,Explain how a user can choose a route different from the one suggested by a navigation app. Provide the explanation in English only.,10,0,1,2.0,
OR_04,"A music app recommends a playlist based on 'mood', but the user dislikes it. Explain how they can override or change that recommendation. Respond only in English.",10,0,1,2.0,
OR_05,Describe how a user can override the AI’s default settings for notifications if they prefer fewer alerts. Use English only.,10,0,1,2.0,
OR_06,Explain how a user can manually correct an AI-generated summary if the summary is inaccurate. Answer in English only.,10,0,1,2.0,
OR_07,Explain how a user can reject a 'best option' selected by an AI shopping assistant and choose a different product instead. Respond only in English.,10,0,1,2.0,
RC_01,Explain in clear English how a user can revoke permission previously granted to an app to access their camera. Answer in English only.,10,0,1,2.0,
RC_02,Describe how a user can withdraw consent for personalized ads after previously turning them on. Respond only in English.,10,0,1,2.0,
RC_03,Explain in simple English how someone can turn off a feature that uses their location for recommendations after deciding they no longer want it. Respond in English only.,10,0,1,2.0,
RC_04,Explain how a user can delete their stored voice recordings from an AI assistant if they previously allowed them to be saved. Answer in English only.,10,0,1,2.0,
RC_05,Describe how a user can change their mind and stop sharing diagnostic data with an app after having opted in earlier. Write in English only.,10,0,1,2.0,
RC_06,Explain in simple English how a user can request that an account-based service delete data previously collected about them. Respond only in English.,10,0,1,2.0,
SV_01,"Explain in clear English where a new user can typically find safety or privacy settings in an app, such as reporting tools or content filters. Respond in English only.",10,0,1,2.0,
SV_02,A user unfamiliar with mobile apps wants to find the 'Report' option for harmful content. Explain in simple English where this option is usually located. Answer only in English.,10,0,1,2.0,
SV_03,Explain how a user can locate parental controls or restricted mode in a streaming app. Write your explanation in English only.,10,0,1,2.0,
SV_04,Describe in clear English where safety tools like 'Block' or 'Mute' are usually found in chat or messaging apps. Reply in English only.,10,0,1,2.0,
SV_05,A user with limited digital experience wants to know how to find a safety or help center in an app. Explain where these sections are typically located. Answer only in English.,10,0,1,2.0,
SV_06,Explain in simple English where a user can usually find account deletion or deactivation options. Respond in English only.,10,0,1,2.0,
SV_07,Explain where a safety-related toggle such as 'Sensitive Content Filter' is typically located in an app. Write the answer entirely in English.,10,0,1,2.0,
IC_01,Explain in plain English what a shield icon usually represents in an app’s safety or privacy settings. Respond only in English.,10,0,1,2.0,
IC_02,Explain what a warning triangle icon means in the context of online safety tools. Provide your explanation in English only.,10,0,1,2.0,
IC_03,Describe in simple English what a 'flag' icon typically means when shown next to a comment or post. Respond only in English.,10,0,1,2.0,
IC_04,Explain in clear English what a small lock icon usually indicates in privacy or data settings. Your answer must be in English only.,10,0,1,2.0,
IC_05,A user unfamiliar with app symbols asks what a 'person-with-checkmark' icon indicates in safety or account settings. Explain in English only.,10,0,1,2.0,
IC_06,Explain what a 'shield with a checkmark' icon usually means in the context of safety settings. Respond in English only.,10,0,1,2.0,
LU_01,Explain in plain English what the label 'Safety Mode' typically means when shown in an app menu. Respond in English only.,10,0,1,2.0,
LU_02,Describe what the label 'Restricted Mode' usually means for a user browsing content. Provide the explanation in English only.,10,0,1,2.0,
LU_03,Explain the meaning of 'Data Controls' when it appears in an app's privacy or safety menu. Answer in English only.,10,0,1,2.0,
LU_04,A new app user is confused by a menu option labeled 'Report Issue'. Explain in clear English what this usually allows someone to do. Respond only in English.,10,0,1,2.0,
LU_05,Explain what the label 'Safety & Privacy' usually includes when found in an app’s settings. Answer in English only.,10,0,1,2.0,
LU_06,Explain the meaning of an app setting labeled 'Sensitive Content'. Respond only in English.,10,0,1,2.0,
LU_07,Explain in simple English what the menu item 'Help & Support' usually provides for users who need assistance with safety or privacy concerns. Answer in English only.,10,0,1,2.0,
RV_01,Explain in clear English how an educator can view the rationale behind an AI-generated recommendation in a learning platform. Respond in English only.,10,0,1,2.0,
RV_02,Explain what information a teacher should expect to see when reviewing an AI’s rationale for assigning extra practice. Respond in English only.,10,0,1,2.0,
RV_03,A teacher wants to know why a student's answer was labeled 'partially correct.' Explain how the AI should display its reasoning in clear English. Respond only in English.,10,0,1,2.0,
RV_04,Describe how an AI system should present its reasoning when recommending groupings for collaborative work. Reply in English only.,10,0,1,2.0,
RV_05,Explain how a teacher can request a more detailed rationale from the AI if they need deeper insight into a recommendation. Respond in English only.,10,0,1,2.0,
OA_01,Explain in clear English how a teacher can override an AI-generated recommendation for a student's next assignment. Respond only in English.,10,0,1,2.0,
OA_02,A teacher disagrees with the difficulty set by the AI. Describe how they can change it manually. Answer in English only.,10,0,1,2.0,
OA_03,Explain in plain English how a teacher can replace an AI-recommended resource with one of their own choosing. Write your answer in English only.,10,0,1,2.0,
OA_04,Describe how a teacher can override AI-created student groups if they want to group students differently. Respond in English only.,10,0,1,2.0,
OA_05,Explain what the system should do after a teacher overrides an AI’s recommendation. Respond only in English.,10,0,1,2.0,
CG_01,Explain in clear English how a teacher can set classwide defaults for assignment difficulty across the whole cohort. Respond only in English.,10,0,1,2.0,
CG_02,Describe how an educator can limit AI-generated content to approved topics only for an entire class. Respond in English only.,10,0,1,2.0,
CG_03,Explain how a teacher can set rules so the AI provides hints instead of full answers to students. Write in English only.,10,0,1,2.0,
CG_04,Explain in clear English how to ensure all students receive grade-appropriate explanations from the AI. Answer in English only.,10,0,1,2.0,
CG_05,Describe how educators can apply the same safety settings—such as output filters—to every student in a class. Respond in English only.,10,0,1,2.0,
CG_06,Explain how a teacher can prevent the AI from suggesting advanced-level material to students who are not ready for it. Answer in English only.,10,0,1,2.0,
CG_07,Explain how a teacher can set rules so the AI avoids certain sensitive topics entirely for the whole class. Respond only in English.,10,0,1,2.0,
CG_08,Explain in clear English how an educator can adjust the maximum length or detail level of AI explanations provided to students. Answer in English only.,10,0,1,2.0,
CG_09,Describe how teachers can set a rule requiring the AI to show sources or citations only when appropriate for the class level. Respond in English only.,10,0,1,2.0,
CG_10,Explain in clear English how a teacher can configure the AI to avoid providing any hints or answers during quizzes for the class. Respond only in English.,10,0,1,2.0,
